{"cameraMode":{"drawMode":0,"name":"Shaded","section":"Shading Mode"},"sceneLighting":false,"audioPlay":false,"sceneViewState":{"m_AlwaysRefresh":false,"showFog":false,"showSkybox":false,"showFlares":false,"showImageEffects":false,"showParticleSystems":false,"showVisualEffectGraphs":true,"m_FxEnabled":true},"in2DMode":false,"pivot":{"x":0.08702981472015381,"y":0.3144354224205017,"z":-0.04726356267929077},"rotation":{"x":-0.04326677322387695,"y":0.9563524127006531,"z":-0.21768788993358613,"w":-0.19008083641529084},"size":0.6448544263839722,"orthographic":false}